trial_id,parent_trial_id,mutation,feature_view,transformation,scaler,algorithm,n_clusters,outlier_policy,status,rejection_reason,silhouette,calinski_harabasz,davies_bouldin,minimum_cluster_share,maximum_cluster_share,stability_ari_mean,stability_ari_sd,interpretability_score,differentiated_features,complexity_penalty,objective,runtime_seconds
1,,initial baseline,rfm,log1p,robust,kmeans,4,keep,valid,,0.3330121770061336,2650.1705791788945,1.0192470280517754,0.16642462968341562,0.34301481266337497,0.9406412060059511,0.021488815829006774,1.0,3,0.0033333333333333335,0.7827558685642934,0.6507669950005948
2,1.0,algorithm: kmeans -> agglomerative,rfm,log1p,robust,agglomerative,4,keep,valid,,0.25160716277642364,2208.2030132221835,1.2828179197375564,0.16642462968341562,0.36276503049665987,0.5000702773163459,0.05328384547796548,1.0,3,0.0033333333333333335,0.6519489403767551,0.8242178549990058
3,1.0,algorithm: kmeans -> gaussian_mixture,rfm,log1p,robust,gaussian_mixture,4,keep,valid,,0.17309201238588418,1802.5254756222682,1.6967105000241585,0.15045018878884694,0.34156259076386875,0.9039309774295184,0.0523063246231474,1.0,3,0.0033333333333333335,0.7233830022008303,0.3620851970008516
4,1.0,feature_view: rfm -> behavioral,behavioral,log1p,robust,kmeans,4,keep,rejected,cluster share below minimum,0.3098312453085069,2526.5952678103336,0.9681230411461661,0.019169329073482427,0.44089456869009586,0.9795816277775055,0.015431931828737122,1.0,6,0.0033333333333333335,-1.0,0.4552926180003851
5,1.0,feature_view: rfm -> compact,compact,log1p,robust,kmeans,4,keep,rejected,cluster share below minimum,0.3746412607615069,4063.860985772442,0.8563187048040718,0.019459773453383677,0.5219285506825443,0.9722652544407063,0.031879543335506605,1.0,5,0.0033333333333333335,-1.0,0.3949141019984381
6,1.0,n_clusters: 4 -> 3,rfm,log1p,robust,kmeans,3,keep,valid,,0.3390627808655754,2926.370118615404,1.0325680236393906,0.1739761835608481,0.4255010165553297,0.9258388106447257,0.04808755731311859,1.0,3,0.0016666666666666668,0.7865672862521728,0.43533472000126494
7,1.0,transformation: log1p -> yeo_johnson,rfm,yeo_johnson,robust,kmeans,4,keep,valid,,0.3304250474148381,2727.504979511576,1.0157311394055457,0.21173395294801045,0.29305837932036016,0.9271563905060193,0.01505193749054003,1.0,3,0.0033333333333333335,0.7963019488128107,0.5340142009990814
8,7.0,algorithm: kmeans -> agglomerative,rfm,yeo_johnson,robust,agglomerative,4,keep,valid,,0.2623519015078874,2245.736034439365,1.0955623191197907,0.14144641301190822,0.41533546325878595,0.39392489234612055,0.09848700476431561,1.0,3,0.0033333333333333335,0.6187022767429685,0.8518463680011337
9,7.0,algorithm: kmeans -> gaussian_mixture,rfm,yeo_johnson,robust,gaussian_mixture,4,keep,valid,,0.16667119715241707,1623.8322939734028,1.7934340044192596,0.19692128957304675,0.34185303514376997,0.9817550912265484,0.014841911383155168,1.0,3,0.0033333333333333335,0.7622623946316572,0.4254849850003666
10,7.0,feature_view: rfm -> behavioral,behavioral,yeo_johnson,robust,kmeans,4,keep,valid,,0.21653069365235234,1283.15831004586,1.4340533265976503,0.22364217252396165,0.28463549230322394,0.9619087116743437,0.015939857796816677,1.0,8,0.0033333333333333335,0.7680750644409494,0.6884495459999016
11,7.0,feature_view: rfm -> compact,compact,yeo_johnson,robust,kmeans,4,keep,valid,,0.29499791119408575,1849.6862366200182,1.1001736780352254,0.15829218704618064,0.3200697066511763,0.9412553258153956,0.033765537307858084,1.0,5,0.0033333333333333335,0.7658410648100844,0.5829749719996471
12,7.0,n_clusters: 4 -> 3,rfm,yeo_johnson,robust,kmeans,3,keep,valid,,0.31957334642289437,2885.151340192515,1.1044320906148581,0.2767934940458902,0.3941330235259948,0.9481342801360526,0.02181076848737525,1.0,3,0.0016666666666666668,0.8003368513520971,0.5951791650004452
13,7.0,scaler: robust -> standard,rfm,yeo_johnson,standard,kmeans,4,keep,valid,,0.33314568418462415,2872.2569299078095,1.018365426281802,0.2149288411269242,0.2933488237002614,0.9888225015411264,0.002512000871644323,1.0,3,0.0033333333333333335,0.8128372090323185,0.5500680479999573
14,13.0,algorithm: kmeans -> agglomerative,rfm,yeo_johnson,standard,agglomerative,4,keep,valid,,0.23965698711255573,2183.7206588477115,1.2213474668918394,0.15422596572756317,0.3488237002613999,0.6460327129325658,0.13316017482831607,1.0,3,0.0033333333333333335,0.6815927454180539,0.9503698619992065
15,13.0,algorithm: kmeans -> gaussian_mixture,rfm,yeo_johnson,standard,gaussian_mixture,4,keep,valid,,0.21575941392283107,1970.3168735904671,1.625311296718577,0.19692128957304675,0.34185303514376997,0.9796899869105028,0.011652998748024872,1.0,3,0.0033333333333333335,0.7743012971477765,0.42452696100008325
16,13.0,feature_view: rfm -> behavioral,behavioral,yeo_johnson,standard,kmeans,4,keep,valid,,0.22829596318736511,1402.6256006304695,1.399312850149899,0.19111240197502177,0.3194888178913738,0.9672112296642247,0.026911092316594366,1.0,9,0.0033333333333333335,0.7686508775585938,0.7757783470005961
17,13.0,feature_view: rfm -> compact,compact,yeo_johnson,standard,kmeans,4,keep,valid,,0.28901899794366104,1777.712788818934,1.1494818902105375,0.15335463258785942,0.3319779262271275,0.9561465858910574,0.05647413446777727,1.0,5,0.0033333333333333335,0.7645109966060452,0.6924430489998485
18,13.0,n_clusters: 4 -> 3,rfm,yeo_johnson,standard,kmeans,3,keep,valid,,0.32721673876468027,3004.094482400713,1.0970574798696056,0.26169038629102526,0.3761254719721173,0.9043578305187823,0.019538468682557254,1.0,3,0.0016666666666666668,0.7913121311569418,0.5853853519984114
19,13.0,transformation: yeo_johnson -> log1p,rfm,log1p,standard,kmeans,4,keep,valid,,0.3376376259594782,2688.8353000822817,1.0188451611789984,0.15800174266627942,0.3610223642172524,0.9284769192687264,0.051411680644204295,1.0,3,0.0033333333333333335,0.7764242091537339,0.5640128099985304
20,13.0,outlier_policy: keep -> winsorize,rfm,yeo_johnson,standard,kmeans,4,winsorize,valid,,0.33481944705252,2931.435306624754,1.0165419292820992,0.21754284054603543,0.29073482428115016,0.9806856055746082,0.0040483507982818434,1.0,3,0.0033333333333333335,0.8114046570625154,0.5582102369990025
21,13.0,n_clusters: 4 -> 5,rfm,yeo_johnson,standard,kmeans,5,keep,valid,,0.32094907590106286,2704.306668210969,1.0400346113689076,0.18559395875689805,0.21986639558524543,0.941628993908124,0.028659576725552992,1.0,3,0.005,0.7889099237496164,0.5751369630015688
22,13.0,deterministic restart,behavioral,log1p,robust,agglomerative,2,keep,rejected,dominant cluster above maximum,0.5582175263337311,2018.6702398330858,0.9616321130600535,0.12547197211733954,0.8745280278826605,0.46109877974732316,0.22731577613973422,0.5,1,0.0,-1.0,0.8108927059984126
23,22.0,transformation: log1p -> yeo_johnson,behavioral,yeo_johnson,robust,agglomerative,2,keep,rejected,dominant cluster above maximum,0.25927010163134434,1338.4139750553143,1.2274056297120823,0.25326749927388903,0.746732500726111,-0.06639036402040836,0.020762998165034123,1.0,5,0.0,-1.0,1.0929817560027004
24,22.0,scaler: robust -> standard,behavioral,log1p,standard,agglomerative,2,keep,valid,,0.2380045300259768,1334.7696472399173,1.3499038004250734,0.3479523671216962,0.6520476328783038,0.5069262788558818,0.08597777736674211,1.0,7,0.0,0.6629461265280331,0.7865731439997035
25,22.0,outlier_policy: keep -> winsorize,behavioral,log1p,robust,agglomerative,2,winsorize,rejected,dominant cluster above maximum,0.5445161802636883,2163.0713804189822,0.9386552701667519,0.1251815277374383,0.8748184722625617,0.785271319014644,0.01914942439370727,0.5,1,0.0,-1.0,0.821114636000857
26,22.0,n_clusters: 2 -> 3,behavioral,log1p,robust,agglomerative,3,keep,rejected,cluster share below minimum; dominant cluster above maximum,0.5064743024958318,1896.5870490845123,0.8079537328121381,0.010165553296543712,0.8745280278826605,0.528662119754979,0.25875591318447455,1.0,2,0.0016666666666666668,-1.0,0.8153870470014226
27,22.0,feature_view: behavioral -> compact,compact,log1p,robust,agglomerative,2,keep,rejected,cluster share below minimum; dominant cluster above maximum,0.808910449044149,3434.060376863195,0.43566677141133364,0.025559105431309903,0.9744408945686901,0.4697309527285754,0.16808660751552362,1.0,2,0.0,-1.0,0.7674888760011527
28,22.0,feature_view: behavioral -> rfm,rfm,log1p,robust,agglomerative,2,keep,valid,,0.42115443069305514,3403.862902420054,0.9030729855493769,0.4321812372930584,0.5678187627069416,0.755664097679241,0.17364427991435896,1.0,3,0.0,0.7766301804845088,0.7497087900010229
29,13.0,deterministic restart,behavioral,yeo_johnson,standard,agglomerative,2,keep,valid,,0.28067742865808915,1343.2067759088764,1.330894682111913,0.3276212605286088,0.6723787394713913,0.5550906927966791,0.11694695962714105,1.0,7,0.0,0.6818296591759037,1.0252667480017408
30,29.0,outlier_policy: keep -> winsorize,behavioral,yeo_johnson,standard,agglomerative,2,winsorize,valid,,0.2773232483416033,1361.3291936501405,1.3399018118526618,0.3331397037467325,0.6668602962532675,0.40507474580885044,0.29682451863143555,1.0,7,0.0,0.6438582770513511,1.1060529240021424
31,29.0,n_clusters: 2 -> 3,behavioral,yeo_johnson,standard,agglomerative,3,keep,valid,,0.19695891361411672,1224.9193234184236,1.5693725602089448,0.23729305837932035,0.43508568109207085,0.44708156012568273,0.11866371629867228,1.0,9,0.0016666666666666668,0.6352392628182351,1.0643414289988868
32,29.0,feature_view: behavioral -> compact,compact,yeo_johnson,standard,agglomerative,2,keep,valid,,0.32151970166701593,1951.5377151453226,1.1606203885324125,0.33633459192564624,0.6636654080743538,0.2712752664887902,0.12008060769822666,1.0,5,0.0,0.6259830528752267,0.9467858940006408
33,29.0,feature_view: behavioral -> rfm,rfm,yeo_johnson,standard,agglomerative,2,keep,valid,,0.39249723581106216,3038.898515693568,0.8942575336283287,0.33343014812663374,0.6665698518733663,0.48840536425579,0.32516691517096163,1.0,3,0.0,0.7040607498623978,0.8772671149999951
34,29.0,algorithm: agglomerative -> gaussian_mixture,behavioral,yeo_johnson,standard,gaussian_mixture,2,keep,valid,,0.32540781012804343,2002.9328207068586,1.2134194846145991,0.4751670055184432,0.5248329944815567,0.9594195797057017,0.03077896549839776,1.0,6,0.0,0.7978880348871283,0.4759386400000949
35,29.0,algorithm: agglomerative -> kmeans,behavioral,yeo_johnson,standard,kmeans,2,keep,valid,,0.32734495560500976,2103.379620881272,1.1912053672086151,0.48939878013360444,0.5106012198663956,0.964039841781731,0.014071419448418155,1.0,8,0.0,0.8005253256174581,0.5889778599994315
36,13.0,deterministic restart,behavioral,yeo_johnson,robust,agglomerative,2,winsorize,valid,,0.26546656115750633,1523.70467941321,1.2577513509338163,0.31687481847226256,0.6831251815277375,0.5514634571513803,0.27878316301008227,1.0,3,0.0,0.6819210457332748,1.199731132001034
37,36.0,n_clusters: 2 -> 3,behavioral,yeo_johnson,robust,agglomerative,3,winsorize,valid,,0.18217438983830136,1252.7968929018557,1.5757620637831045,0.21870461806564043,0.46442056346209704,0.47702503278175473,0.17877254599231493,1.0,8,0.0016666666666666668,0.6407481878802749,0.9964343920000829
38,36.0,feature_view: behavioral -> compact,compact,yeo_johnson,robust,agglomerative,2,winsorize,valid,,0.31736703819949535,1806.2695012333575,1.2657137969341343,0.49259366831251816,0.5074063316874818,0.47798204559595076,0.23877794570999109,1.0,2,0.0,0.6737303546632246,0.8722770249987661
39,36.0,feature_view: behavioral -> rfm,rfm,yeo_johnson,robust,agglomerative,2,winsorize,valid,,0.3470756886572753,2439.2874944434075,1.057599852489348,0.4138832413592797,0.5861167586407203,0.3437817504872307,0.14841308206965015,0.5,1,0.0,0.6036051725006459,0.7926228180003818
40,36.0,algorithm: agglomerative -> gaussian_mixture,behavioral,yeo_johnson,robust,gaussian_mixture,2,winsorize,valid,,0.274804445233974,1565.8378314614847,1.3684755962971125,0.48707522509439444,0.5129247749056056,0.9664623166313208,0.021242243460481383,1.0,5,0.0,0.7854097170366604,0.4175538859999506
41,36.0,algorithm: agglomerative -> kmeans,behavioral,yeo_johnson,robust,kmeans,2,winsorize,valid,,0.3056867713600981,2013.2753157986572,1.226880000511971,0.48823700261399944,0.5117629973860006,0.9812136859249289,0.008765497991589504,1.0,5,0.0,0.8001825359300637,0.6010221729993646
42,13.0,deterministic restart,behavioral,log1p,standard,agglomerative,2,winsorize,rejected,dominant cluster above maximum,0.2650550558094702,1323.8992492119519,1.1584088949554632,0.2285797269822829,0.7714202730177171,0.36435599697115667,0.18277477084226826,1.0,8,0.0,-1.0,0.8523535479980637
